{
	"format_version": "1.12.0",
	"minecraft:geometry": [
		{
			"description": {
				"identifier": "geometry.voyager",
				"texture_width": 32,
				"texture_height": 32,
				"visible_bounds_width": 3,
				"visible_bounds_height": 1.5,
				"visible_bounds_offset": [0, 0.25, 0]
			},
			"bones": [
				{
					"name": "Battery",
					"pivot": [10.86272, 1.3, -8.66381],
					"cubes": [
						{
							"origin": [-1.25, 2.3, -2.6],
							"size": [2.5, 1.5, 5.9],
							"uv": {
								"north": {"uv": [2, 23], "uv_size": [3, 2]},
								"east": {"uv": [9, 6], "uv_size": [6, 2]},
								"south": {"uv": [9, 23], "uv_size": [3, 2]},
								"west": {"uv": [12, 8], "uv_size": [6, 2]},
								"up": {"uv": [6, 0], "uv_size": [3, 6]},
								"down": {"uv": [9, 15], "uv_size": [3, -6]}
							}
						}
					]
				},
				{
					"name": "Frame",
					"pivot": [0, 0, 0]
				},
				{
					"name": "Camera",
					"parent": "Frame",
					"pivot": [0, -0.35, -7.7],
					"rotation": [-27.5, 0, 0],
					"cubes": [
						{
							"origin": [-2, 0.79217, -8.01032],
							"size": [4, 3, 1.8],
							"uv": {
								"north": {"uv": [9, 0], "uv_size": [4, 3]},
								"east": {"uv": [3, 0], "uv_size": [2, 3]},
								"south": {"uv": [9, 3], "uv_size": [4, 3]},
								"west": {"uv": [0, 23], "uv_size": [2, 3]},
								"up": {"uv": [5, 14], "uv_size": [4, 2]},
								"down": {"uv": [8, 20], "uv_size": [4, -2]}
							}
						},
						{
							"origin": [0, 1.79217, -8.71032],
							"size": [2, 2, 0.7],
							"uv": {
								"north": {"uv": [22, 23], "uv_size": [2, 2]},
								"east": {"uv": [5, 0], "uv_size": [1, 2]},
								"south": {"uv": [23, 0], "uv_size": [2, 2]},
								"west": {"uv": [5, 11], "uv_size": [1, 2]},
								"up": {"uv": [25, 7], "uv_size": [2, 1]},
								"down": {"uv": [25, 10], "uv_size": [2, -1]}
							}
						}
					]
				},
				{
					"name": "Motors",
					"parent": "Frame",
					"pivot": [10.86272, 1.3, -8.66381],
					"cubes": [
						{
							"origin": [-8.32089, 0.6, -5.91167],
							"size": [1.6, 0.5, 1.6],
							"pivot": [-7.52089, 0.6, -6.11167],
							"rotation": [0, -17.5, 0],
							"uv": {
								"north": {"uv": [21, 25], "uv_size": [2, 1]},
								"east": {"uv": [25, 0], "uv_size": [2, 1]},
								"south": {"uv": [25, 1], "uv_size": [2, 1]},
								"west": {"uv": [25, 2], "uv_size": [2, 1]},
								"up": {"uv": [14, 23], "uv_size": [2, 2]},
								"down": {"uv": [16, 25], "uv_size": [2, -2]}
							}
						},
						{
							"origin": [6.90303, 0.6, 4.91346],
							"size": [1.6, 0.5, 1.6],
							"pivot": [4.70303, 0.9, 5.71346],
							"rotation": [0, -35, 0],
							"uv": {
								"north": {"uv": [26, 17], "uv_size": [2, 1]},
								"east": {"uv": [26, 19], "uv_size": [2, 1]},
								"south": {"uv": [26, 24], "uv_size": [2, 1]},
								"west": {"uv": [26, 25], "uv_size": [2, 1]},
								"up": {"uv": [2, 25], "uv_size": [2, 2]},
								"down": {"uv": [4, 27], "uv_size": [2, -2]}
							}
						},
						{
							"origin": [6.59273, 0.6, 2.04558],
							"size": [1.6, 0.5, 1.6],
							"pivot": [-0.60727, 0.9, 2.84558],
							"rotation": [0, -145, 0],
							"uv": {
								"north": {"uv": [0, 27], "uv_size": [2, 1]},
								"east": {"uv": [2, 27], "uv_size": [2, 1]},
								"south": {"uv": [4, 27], "uv_size": [2, 1]},
								"west": {"uv": [9, 27], "uv_size": [2, 1]},
								"up": {"uv": [9, 25], "uv_size": [2, 2]},
								"down": {"uv": [11, 27], "uv_size": [2, -2]}
							}
						},
						{
							"origin": [7.94417, 0.6, -4.06045],
							"size": [1.6, 0.5, 1.6],
							"pivot": [2.64628, 0.4, -1.39929],
							"rotation": [0, 17.5, 0],
							"uv": {
								"north": {"uv": [27, 2], "uv_size": [2, 1]},
								"east": {"uv": [27, 3], "uv_size": [2, 1]},
								"south": {"uv": [27, 4], "uv_size": [2, 1]},
								"west": {"uv": [27, 5], "uv_size": [2, 1]},
								"up": {"uv": [13, 25], "uv_size": [2, 2]},
								"down": {"uv": [15, 27], "uv_size": [2, -2]}
							}
						}
					]
				},
				{
					"name": "Arms",
					"parent": "Frame",
					"pivot": [0, 0, 0]
				},
				{
					"name": "back_left",
					"parent": "Arms",
					"pivot": [0, 0, 0],
					"cubes": [
						{
							"origin": [1, 0.1, 2.6],
							"size": [7, 0.6, 1.2],
							"pivot": [2, 0.4, 2.6],
							"rotation": [0, -35, 0],
							"uv": {
								"north": {"uv": [5, 16], "uv_size": [7, 1]},
								"east": {"uv": [5, 2], "uv_size": [1, 1]},
								"south": {"uv": [18, 9], "uv_size": [7, 1]},
								"west": {"uv": [5, 13], "uv_size": [1, 1]},
								"up": {"uv": [0, 19], "uv_size": [7, 1]},
								"down": {"uv": [12, 20], "uv_size": [7, -1]}
							}
						},
						{
							"origin": [6.70303, 0.1, 4.71346],
							"size": [2, 0.6, 2],
							"pivot": [4.70303, 0.4, 5.71346],
							"rotation": [0, -35, 0],
							"uv": {
								"north": {"uv": [23, 26], "uv_size": [2, 1]},
								"east": {"uv": [25, 26], "uv_size": [2, 1]},
								"south": {"uv": [26, 8], "uv_size": [2, 1]},
								"west": {"uv": [26, 12], "uv_size": [2, 1]},
								"up": {"uv": [24, 24], "uv_size": [2, 2]},
								"down": {"uv": [24, 14], "uv_size": [2, -2]}
							}
						}
					]
				},
				{
					"name": "back_right",
					"parent": "Arms",
					"pivot": [0, 0, 0],
					"cubes": [
						{
							"origin": [-3, 0.1, 1.4],
							"size": [7, 0.6, 1.2],
							"pivot": [-2, 0.4, 2.6],
							"rotation": [0, -145, 0],
							"uv": {
								"north": {"uv": [19, 19], "uv_size": [7, 1]},
								"east": {"uv": [7, 19], "uv_size": [1, 1]},
								"south": {"uv": [0, 20], "uv_size": [7, 1]},
								"west": {"uv": [6, 22], "uv_size": [1, 1]},
								"up": {"uv": [7, 20], "uv_size": [7, 1]},
								"down": {"uv": [14, 21], "uv_size": [7, -1]}
							}
						},
						{
							"origin": [6.39273, 0.1, 1.84558],
							"size": [2, 0.6, 2],
							"pivot": [-0.60727, 0.2, 2.84558],
							"rotation": [0, -145, 0],
							"uv": {
								"north": {"uv": [26, 13], "uv_size": [2, 1]},
								"east": {"uv": [26, 14], "uv_size": [2, 1]},
								"south": {"uv": [26, 15], "uv_size": [2, 1]},
								"west": {"uv": [26, 16], "uv_size": [2, 1]},
								"up": {"uv": [24, 14], "uv_size": [2, 2]},
								"down": {"uv": [24, 18], "uv_size": [2, -2]}
							}
						}
					]
				},
				{
					"name": "front_left",
					"parent": "Arms",
					"pivot": [0, 0, 1],
					"cubes": [
						{
							"origin": [1.69788, 0.1, -4.56115],
							"size": [6, 0.6, 1.2],
							"pivot": [3.6, -0.1, -1.7],
							"rotation": [0, 17.5, 0],
							"uv": {
								"north": {"uv": [9, 21], "uv_size": [6, 1]},
								"east": {"uv": [23, 25], "uv_size": [1, 1]},
								"south": {"uv": [15, 21], "uv_size": [6, 1]},
								"west": {"uv": [27, 6], "uv_size": [1, 1]},
								"up": {"uv": [21, 21], "uv_size": [6, 1]},
								"down": {"uv": [21, 21], "uv_size": [6, -1]}
							}
						},
						{
							"origin": [7.74417, 0.1, -4.26045],
							"size": [2, 0.6, 2],
							"pivot": [2.64628, -0.1, -1.39929],
							"rotation": [0, 17.5, 0],
							"uv": {
								"north": {"uv": [10, 17], "uv_size": [2, 1]},
								"east": {"uv": [22, 17], "uv_size": [2, 1]},
								"south": {"uv": [17, 25], "uv_size": [2, 1]},
								"west": {"uv": [19, 25], "uv_size": [2, 1]},
								"up": {"uv": [5, 23], "uv_size": [2, 2]},
								"down": {"uv": [12, 25], "uv_size": [2, -2]}
							}
						}
					]
				},
				{
					"name": "front_right",
					"parent": "Arms",
					"pivot": [0, 0, 1],
					"cubes": [
						{
							"origin": [4.55372, 0.1, -2.09929],
							"size": [2, 0.6, 2],
							"pivot": [-1.44628, -0.1, -2.09929],
							"rotation": [0, 162.5, 0],
							"uv": {
								"north": {"uv": [25, 3], "uv_size": [2, 1]},
								"east": {"uv": [25, 4], "uv_size": [2, 1]},
								"south": {"uv": [25, 5], "uv_size": [2, 1]},
								"west": {"uv": [25, 6], "uv_size": [2, 1]},
								"up": {"uv": [18, 23], "uv_size": [2, 2]},
								"down": {"uv": [20, 25], "uv_size": [2, -2]}
							}
						},
						{
							"origin": [-3.4, 0.1, -1.6],
							"size": [6, 0.6, 1.2],
							"pivot": [-2.4, 0.1, -2.4],
							"rotation": [0, 162.5, 0],
							"uv": {
								"north": {"uv": [0, 22], "uv_size": [6, 1]},
								"east": {"uv": [27, 7], "uv_size": [1, 1]},
								"south": {"uv": [9, 22], "uv_size": [6, 1]},
								"west": {"uv": [27, 9], "uv_size": [1, 1]},
								"up": {"uv": [15, 22], "uv_size": [6, 1]},
								"down": {"uv": [21, 23], "uv_size": [6, -1]}
							}
						}
					]
				},
				{
					"name": "Antenna",
					"parent": "Frame",
					"pivot": [0, 0, -0.75],
					"rotation": [-7.5, 0, 0],
					"cubes": [
						{
							"origin": [-0.25, 4.30005, 2.42088],
							"size": [0.5, 0.5, 6.6],
							"pivot": [0, 4.55005, 5.72088],
							"rotation": [37.5, 0, 0],
							"uv": {
								"north": {"uv": [2, 28], "uv_size": [1, 1]},
								"east": {"uv": [20, 18], "uv_size": [7, 1]},
								"south": {"uv": [3, 28], "uv_size": [1, 1]},
								"west": {"uv": [0, 21], "uv_size": [7, 1]},
								"up": {"uv": [7, 21], "uv_size": [1, 7]},
								"down": {"uv": [8, 28], "uv_size": [1, -7]}
							}
						},
						{
							"origin": [-0.45, -0.6303, 10],
							"size": [0.9, 0.8, 1.5],
							"pivot": [0, -0.18293, -0.60721],
							"rotation": [37.5, 0, 0],
							"uv": {
								"north": {"uv": [13, 28], "uv_size": [1, 1]},
								"east": {"uv": [14, 28], "uv_size": [1, 1]},
								"south": {"uv": [28, 28], "uv_size": [1, 1]},
								"west": {"uv": [28, 0], "uv_size": [1, 1]},
								"up": {"uv": [28, 1], "uv_size": [1, 1]},
								"down": {"uv": [28, 7], "uv_size": [1, -1]}
							}
						}
					]
				},
				{
					"name": "Body",
					"parent": "Frame",
					"pivot": [0, 0, 0],
					"cubes": [
						{
							"origin": [-1.5, 0, -4.4],
							"size": [3, 0.6, 8],
							"uv": {
								"north": {"uv": [9, 8], "uv_size": [3, 1]},
								"east": {"uv": [14, 17], "uv_size": [8, 1]},
								"south": {"uv": [9, 15], "uv_size": [3, 1]},
								"west": {"uv": [0, 18], "uv_size": [8, 1]},
								"up": {"uv": [0, 0], "uv_size": [3, 8]},
								"down": {"uv": [3, 11], "uv_size": [3, -8]}
							}
						},
						{
							"origin": [-1, 0, -6.2],
							"size": [2, 0.5, 2],
							"pivot": [1, 0.5, -4.2],
							"rotation": [-15, 0, 0],
							"uv": {
								"north": {"uv": [0, 26], "uv_size": [2, 1]},
								"east": {"uv": [17, 26], "uv_size": [2, 1]},
								"south": {"uv": [19, 26], "uv_size": [2, 1]},
								"west": {"uv": [21, 26], "uv_size": [2, 1]},
								"up": {"uv": [23, 2], "uv_size": [2, 2]},
								"down": {"uv": [23, 6], "uv_size": [2, -2]}
							}
						},
						{
							"origin": [-1.5, 1.8, -4.4],
							"size": [3, 0.5, 8],
							"uv": {
								"north": {"uv": [0, 16], "uv_size": [3, 1]},
								"east": {"uv": [12, 18], "uv_size": [8, 1]},
								"south": {"uv": [24, 23], "uv_size": [3, 1]},
								"west": {"uv": [18, 8], "uv_size": [8, 1]},
								"up": {"uv": [6, 6], "uv_size": [3, 8]},
								"down": {"uv": [0, 16], "uv_size": [3, -8]}
							}
						},
						{
							"origin": [-1.2, 0.5, -3.2],
							"size": [2.4, 0.6, 5.5],
							"uv": {
								"north": {"uv": [11, 27], "uv_size": [2, 1]},
								"east": {"uv": [22, 10], "uv_size": [6, 1]},
								"south": {"uv": [13, 27], "uv_size": [2, 1]},
								"west": {"uv": [22, 11], "uv_size": [6, 1]},
								"up": {"uv": [3, 11], "uv_size": [2, 6]},
								"down": {"uv": [12, 18], "uv_size": [2, -6]}
							}
						},
						{
							"origin": [0.95, 0.5, 3],
							"size": [0.5, 1.5, 0.5],
							"uv": {
								"north": {"uv": [6, 25], "uv_size": [1, 2]},
								"east": {"uv": [6, 27], "uv_size": [1, 2]},
								"south": {"uv": [15, 27], "uv_size": [1, 2]},
								"west": {"uv": [16, 27], "uv_size": [1, 2]},
								"up": {"uv": [4, 28], "uv_size": [1, 1]},
								"down": {"uv": [5, 29], "uv_size": [1, -1]}
							}
						},
						{
							"origin": [-1.45, 0.5, 3],
							"size": [0.5, 1.5, 0.5],
							"uv": {
								"north": {"uv": [17, 27], "uv_size": [1, 2]},
								"east": {"uv": [18, 27], "uv_size": [1, 2]},
								"south": {"uv": [19, 27], "uv_size": [1, 2]},
								"west": {"uv": [20, 27], "uv_size": [1, 2]},
								"up": {"uv": [7, 28], "uv_size": [1, 1]},
								"down": {"uv": [8, 29], "uv_size": [1, -1]}
							}
						},
						{
							"origin": [-1.45, 0.5, -4.3],
							"size": [0.5, 1.5, 0.5],
							"uv": {
								"north": {"uv": [25, 27], "uv_size": [1, 2]},
								"east": {"uv": [26, 27], "uv_size": [1, 2]},
								"south": {"uv": [27, 27], "uv_size": [1, 2]},
								"west": {"uv": [27, 0], "uv_size": [1, 2]},
								"up": {"uv": [11, 28], "uv_size": [1, 1]},
								"down": {"uv": [12, 29], "uv_size": [1, -1]}
							}
						},
						{
							"origin": [0.95, 0.5, -4.3],
							"size": [0.5, 1.5, 0.5],
							"uv": {
								"north": {"uv": [21, 27], "uv_size": [1, 2]},
								"east": {"uv": [22, 27], "uv_size": [1, 2]},
								"south": {"uv": [23, 27], "uv_size": [1, 2]},
								"west": {"uv": [24, 27], "uv_size": [1, 2]},
								"up": {"uv": [9, 28], "uv_size": [1, 1]},
								"down": {"uv": [10, 29], "uv_size": [1, -1]}
							}
						}
					]
				},
				{
					"name": "Propellers",
					"pivot": [10.75, 2.3, -7.5]
				},
				{
					"name": "front_left_prop",
					"parent": "Propellers",
					"pivot": [7.9023, 2.3, -5.008],
					"cubes": [
						{
							"origin": [2.90227, 1.1, -5.508],
							"size": [10, 0.3, 1],
							"pivot": [7.90227, 1.7, -5.008],
							"rotation": [0, -37.5, 0],
							"uv": {
								"north": {"uv": [12, 10], "uv_size": [10, 1]},
								"east": {"uv": [27, 18], "uv_size": [1, 1]},
								"south": {"uv": [12, 11], "uv_size": [10, 1]},
								"west": {"uv": [27, 20], "uv_size": [1, 1]},
								"up": {"uv": [13, 0], "uv_size": [10, 1]},
								"down": {"uv": [13, 2], "uv_size": [10, -1]}
							}
						}
					]
				},
				{
					"name": "front_right_prop",
					"parent": "Propellers",
					"pivot": [-7.8205, 0, -5.1648],
					"cubes": [
						{
							"origin": [-12.82054, 1.1, -5.66484],
							"size": [10, 0.3, 1],
							"pivot": [-7.82054, 1.6, -5.16484],
							"rotation": [0, 37.5, 0],
							"uv": {
								"north": {"uv": [13, 2], "uv_size": [10, 1]},
								"east": {"uv": [27, 21], "uv_size": [1, 1]},
								"south": {"uv": [13, 3], "uv_size": [10, 1]},
								"west": {"uv": [27, 22], "uv_size": [1, 1]},
								"up": {"uv": [13, 4], "uv_size": [10, 1]},
								"down": {"uv": [13, 6], "uv_size": [10, -1]}
							}
						}
					]
				},
				{
					"name": "back_left_prop",
					"parent": "Propellers",
					"pivot": [7.1605, 0, 7.4342],
					"cubes": [
						{
							"origin": [2.16051, 1.1, 6.93415],
							"size": [10, 0.3, 1],
							"pivot": [7.1605, 2.1, 7.43415],
							"rotation": [0, 20, 0],
							"uv": {
								"north": {"uv": [14, 14], "uv_size": [10, 1]},
								"east": {"uv": [27, 23], "uv_size": [1, 1]},
								"south": {"uv": [14, 12], "uv_size": [10, 1]},
								"west": {"uv": [27, 26], "uv_size": [1, 1]},
								"up": {"uv": [14, 13], "uv_size": [10, 1]},
								"down": {"uv": [14, 16], "uv_size": [10, -1]}
							}
						}
					]
				},
				{
					"name": "back_right_prop",
					"parent": "Propellers",
					"pivot": [-7.1605, 2.3, 7.4342],
					"cubes": [
						{
							"origin": [-12.16049, 1.1, 6.93419],
							"size": [10, 0.3, 1],
							"pivot": [-7.16049, 2.1, 7.43419],
							"rotation": [0, 160, 0],
							"uv": {
								"north": {"uv": [15, 6], "uv_size": [10, 1]},
								"east": {"uv": [0, 28], "uv_size": [1, 1]},
								"south": {"uv": [15, 7], "uv_size": [10, 1]},
								"west": {"uv": [1, 28], "uv_size": [1, 1]},
								"up": {"uv": [14, 16], "uv_size": [10, 1]},
								"down": {"uv": [0, 18], "uv_size": [10, -1]}
							}
						}
					]
				}
			]
		}
	]
}