{
	"format_version": "1.12.0",
	"minecraft:geometry": [
		{
			"description": {
				"identifier": "geometry.pixel",
				"texture_width": 32,
				"texture_height": 32,
				"visible_bounds_width": 2,
				"visible_bounds_height": 1.5,
				"visible_bounds_offset": [0, 0.25, 0]
			},
			"bones": [
				{
					"name": "unknown_bone",
					"pivot": [0, 0, 0],
					"cubes": [
						{
							"origin": [-0.3, 0.7, -1.9],
							"size": [0.6, 0.1, 3.8],
							"pivot": [0.00508, 1.02338, 0.00463],
							"rotation": [-180, -45, 180],
							"uv": {
								"north": {"uv": [0, 16], "uv_size": [1, 1]},
								"east": {"uv": [0, 0], "uv_size": [4, 1]},
								"south": {"uv": [1, 16], "uv_size": [1, 1]},
								"west": {"uv": [0, 1], "uv_size": [4, 1]},
								"up": {"uv": [0, 2], "uv_size": [1, 4]},
								"down": {"uv": [1, 6], "uv_size": [1, -4]}
							}
						},
						{
							"origin": [-1.9, 0.7, -0.3],
							"size": [1.6, 0.1, 0.6],
							"pivot": [0.00508, 1.02338, 0.00463],
							"rotation": [-180, -45, 180],
							"uv": {
								"north": {"uv": [9, 0], "uv_size": [2, 1]},
								"east": {"uv": [2, 16], "uv_size": [1, 1]},
								"south": {"uv": [9, 1], "uv_size": [2, 1]},
								"west": {"uv": [3, 16], "uv_size": [1, 1]},
								"up": {"uv": [9, 6], "uv_size": [2, 1]},
								"down": {"uv": [9, 8], "uv_size": [2, -1]}
							}
						},
						{
							"origin": [0.3, 0.7, -0.3],
							"size": [1.6, 0.1, 0.6],
							"pivot": [0.00508, 1.02338, 0.00463],
							"rotation": [-180, -45, 180],
							"uv": {
								"north": {"uv": [0, 10], "uv_size": [2, 1]},
								"east": {"uv": [4, 16], "uv_size": [1, 1]},
								"south": {"uv": [2, 10], "uv_size": [2, 1]},
								"west": {"uv": [5, 16], "uv_size": [1, 1]},
								"up": {"uv": [4, 10], "uv_size": [2, 1]},
								"down": {"uv": [6, 11], "uv_size": [2, -1]}
							}
						},
						{
							"origin": [-0.7, 0.8, -0.7],
							"size": [1.4, 0.2, 1.4],
							"pivot": [0.00508, 1.02338, 0.00463],
							"rotation": [-180, -45, 180],
							"uv": {
								"north": {"uv": [6, 16], "uv_size": [1, 1]},
								"east": {"uv": [7, 16], "uv_size": [1, 1]},
								"south": {"uv": [8, 16], "uv_size": [1, 1]},
								"west": {"uv": [9, 16], "uv_size": [1, 1]},
								"up": {"uv": [10, 16], "uv_size": [1, 1]},
								"down": {"uv": [11, 17], "uv_size": [1, -1]}
							}
						},
						{
							"origin": [-0.45176, 0.92078, 0.02313],
							"size": [0.9, 0.9, 0.4],
							"pivot": [0.00508, 1.02338, 0.00463],
							"rotation": [-152, 0, 180],
							"uv": {
								"north": {"uv": [12, 16], "uv_size": [1, 1]},
								"east": {"uv": [13, 16], "uv_size": [1, 1]},
								"south": {"uv": [14, 16], "uv_size": [1, 1]},
								"west": {"uv": [15, 16], "uv_size": [1, 1]},
								"up": {"uv": [16, 16], "uv_size": [1, 1]},
								"down": {"uv": [16, 1], "uv_size": [1, -1]}
							}
						},
						{
							"origin": [-0.2518, 1.1208, 0.42313],
							"size": [0.5, 0.5, 0.2],
							"pivot": [0.00508, 1.02338, 0.00463],
							"rotation": [-152, 0, 180],
							"uv": {
								"north": {"uv": [16, 13], "uv_size": [1, 1]},
								"east": {"uv": [16, 14], "uv_size": [1, 1]},
								"south": {"uv": [16, 15], "uv_size": [1, 1]},
								"west": {"uv": [0, 17], "uv_size": [1, 1]},
								"up": {"uv": [1, 17], "uv_size": [1, 1]},
								"down": {"uv": [2, 18], "uv_size": [1, -1]}
							}
						},
						{
							"origin": [-0.30179, 1.02078, -0.67687],
							"size": [0.6, 0.3, 0.9],
							"pivot": [0.00508, 1.12338, 0.00463],
							"rotation": [-152, 0, 180],
							"uv": {
								"north": {"uv": [16, 7], "uv_size": [1, 1]},
								"east": {"uv": [16, 8], "uv_size": [1, 1]},
								"south": {"uv": [16, 9], "uv_size": [1, 1]},
								"west": {"uv": [16, 10], "uv_size": [1, 1]},
								"up": {"uv": [16, 11], "uv_size": [1, 1]},
								"down": {"uv": [16, 13], "uv_size": [1, -1]}
							}
						},
						{
							"origin": [0.09824, 1.2301, 0.34622],
							"size": [0.1, 1.3, 0.2],
							"pivot": [0.00508, 1.02338, 0.00463],
							"rotation": [-127, 0, 180],
							"uv": {
								"north": {"uv": [16, 1], "uv_size": [1, 1]},
								"east": {"uv": [16, 2], "uv_size": [1, 1]},
								"south": {"uv": [16, 3], "uv_size": [1, 1]},
								"west": {"uv": [16, 4], "uv_size": [1, 1]},
								"up": {"uv": [16, 5], "uv_size": [1, 1]},
								"down": {"uv": [16, 7], "uv_size": [1, -1]}
							}
						},
						{
							"origin": [-0.6, 0, -1.2],
							"size": [1.2, 0.7, 2.4],
							"pivot": [0, -0.3, 0],
							"rotation": [-180, 0, 180],
							"uv": {
								"north": {"uv": [3, 17], "uv_size": [1, 1]},
								"east": {"uv": [8, 10], "uv_size": [2, 1]},
								"south": {"uv": [4, 17], "uv_size": [1, 1]},
								"west": {"uv": [10, 10], "uv_size": [2, 1]},
								"up": {"uv": [10, 2], "uv_size": [1, 2]},
								"down": {"uv": [10, 6], "uv_size": [1, -2]}
							}
						}
					]
				},
				{
					"name": "guard",
					"pivot": [-1.2, 0.275, -3],
					"rotation": [0, -45, 0],
					"cubes": [
						{
							"origin": [-0.72583, 0.8, -2.42453],
							"size": [0.2, 0.35, 1.4],
							"pivot": [1.77672, 0.32338, -1.72752],
							"rotation": [-180, 0, 180],
							"uv": {
								"north": {"uv": [10, 8], "uv_size": [1, 1]},
								"east": {"uv": [10, 9], "uv_size": [1, 1]},
								"south": {"uv": [0, 11], "uv_size": [1, 1]},
								"west": {"uv": [1, 11], "uv_size": [1, 1]},
								"up": {"uv": [2, 11], "uv_size": [1, 1]},
								"down": {"uv": [3, 12], "uv_size": [1, -1]}
							}
						},
						{
							"origin": [-0.72628, 0.8, -2.43007],
							"size": [0.2, 0.35, 1.4],
							"pivot": [1.77672, 0.32338, -1.72752],
							"rotation": [0, -90, 0],
							"uv": {
								"north": {"uv": [8, 12], "uv_size": [1, 1]},
								"east": {"uv": [9, 12], "uv_size": [1, 1]},
								"south": {"uv": [10, 12], "uv_size": [1, 1]},
								"west": {"uv": [11, 12], "uv_size": [1, 1]},
								"up": {"uv": [12, 12], "uv_size": [1, 1]},
								"down": {"uv": [12, 1], "uv_size": [1, -1]}
							}
						},
						{
							"origin": [-0.72074, 0.8, -2.43052],
							"size": [0.2, 0.35, 1.4],
							"pivot": [1.77672, 0.32338, -1.72752],
							"rotation": [0, 0, 0],
							"uv": {
								"north": {"uv": [11, 8], "uv_size": [1, 1]},
								"east": {"uv": [11, 9], "uv_size": [1, 1]},
								"south": {"uv": [0, 12], "uv_size": [1, 1]},
								"west": {"uv": [1, 12], "uv_size": [1, 1]},
								"up": {"uv": [2, 12], "uv_size": [1, 1]},
								"down": {"uv": [3, 13], "uv_size": [1, -1]}
							}
						},
						{
							"origin": [-0.72029, 0.8, -2.42497],
							"size": [0.2, 0.35, 1.4],
							"pivot": [1.77672, 0.32338, -1.72752],
							"rotation": [0, 90, 0],
							"uv": {
								"north": {"uv": [10, 11], "uv_size": [1, 1]},
								"east": {"uv": [11, 11], "uv_size": [1, 1]},
								"south": {"uv": [11, 0], "uv_size": [1, 1]},
								"west": {"uv": [11, 1], "uv_size": [1, 1]},
								"up": {"uv": [11, 2], "uv_size": [1, 1]},
								"down": {"uv": [11, 4], "uv_size": [1, -1]}
							}
						},
						{
							"origin": [-0.72583, 0.8, -1.02453],
							"size": [1.6, 0.35, 0.2],
							"pivot": [1.77672, 0.32338, -1.72752],
							"rotation": [-180, 0, 180],
							"uv": {
								"north": {"uv": [7, 0], "uv_size": [2, 1]},
								"east": {"uv": [4, 11], "uv_size": [1, 1]},
								"south": {"uv": [7, 1], "uv_size": [2, 1]},
								"west": {"uv": [5, 11], "uv_size": [1, 1]},
								"up": {"uv": [0, 8], "uv_size": [2, 1]},
								"down": {"uv": [2, 9], "uv_size": [2, -1]}
							}
						},
						{
							"origin": [-0.72628, 0.8, -1.03007],
							"size": [1.6, 0.35, 0.2],
							"pivot": [1.77672, 0.32338, -1.72752],
							"rotation": [0, -90, 0],
							"uv": {
								"north": {"uv": [2, 9], "uv_size": [2, 1]},
								"east": {"uv": [6, 12], "uv_size": [1, 1]},
								"south": {"uv": [4, 9], "uv_size": [2, 1]},
								"west": {"uv": [7, 12], "uv_size": [1, 1]},
								"up": {"uv": [6, 9], "uv_size": [2, 1]},
								"down": {"uv": [8, 10], "uv_size": [2, -1]}
							}
						},
						{
							"origin": [-0.02628, 0.8, -1.93007],
							"size": [0.4, 0.2, 0.4],
							"pivot": [1.77672, 0.32338, -1.72752],
							"rotation": [0, -90, 0],
							"uv": {
								"north": {"uv": [12, 3], "uv_size": [1, 1]},
								"east": {"uv": [12, 4], "uv_size": [1, 1]},
								"south": {"uv": [12, 5], "uv_size": [1, 1]},
								"west": {"uv": [12, 6], "uv_size": [1, 1]},
								"up": {"uv": [12, 7], "uv_size": [1, 1]},
								"down": {"uv": [12, 9], "uv_size": [1, -1]}
							}
						},
						{
							"origin": [3.17372, 0.8, -1.93007],
							"size": [0.4, 0.2, 0.4],
							"pivot": [1.77672, 0.32338, -1.72752],
							"rotation": [0, -90, 0],
							"uv": {
								"north": {"uv": [12, 9], "uv_size": [1, 1]},
								"east": {"uv": [12, 10], "uv_size": [1, 1]},
								"south": {"uv": [12, 11], "uv_size": [1, 1]},
								"west": {"uv": [0, 13], "uv_size": [1, 1]},
								"up": {"uv": [1, 13], "uv_size": [1, 1]},
								"down": {"uv": [2, 14], "uv_size": [1, -1]}
							}
						},
						{
							"origin": [1.57372, 0.8, -3.53007],
							"size": [0.4, 0.2, 0.4],
							"pivot": [1.77672, 0.32338, -1.72752],
							"rotation": [0, -90, 0],
							"uv": {
								"north": {"uv": [3, 13], "uv_size": [1, 1]},
								"east": {"uv": [4, 13], "uv_size": [1, 1]},
								"south": {"uv": [5, 13], "uv_size": [1, 1]},
								"west": {"uv": [6, 13], "uv_size": [1, 1]},
								"up": {"uv": [7, 13], "uv_size": [1, 1]},
								"down": {"uv": [8, 14], "uv_size": [1, -1]}
							}
						},
						{
							"origin": [1.57372, 0.8, -0.33007],
							"size": [0.4, 0.2, 0.4],
							"pivot": [1.77672, 0.32338, -1.72752],
							"rotation": [0, -90, 0],
							"uv": {
								"north": {"uv": [9, 13], "uv_size": [1, 1]},
								"east": {"uv": [10, 13], "uv_size": [1, 1]},
								"south": {"uv": [11, 13], "uv_size": [1, 1]},
								"west": {"uv": [12, 13], "uv_size": [1, 1]},
								"up": {"uv": [13, 13], "uv_size": [1, 1]},
								"down": {"uv": [13, 1], "uv_size": [1, -1]}
							}
						},
						{
							"origin": [-0.72074, 0.8, -1.03052],
							"size": [1.6, 0.35, 0.2],
							"pivot": [1.77672, 0.32338, -1.72752],
							"rotation": [0, 0, 0],
							"uv": {
								"north": {"uv": [8, 3], "uv_size": [2, 1]},
								"east": {"uv": [4, 12], "uv_size": [1, 1]},
								"south": {"uv": [8, 4], "uv_size": [2, 1]},
								"west": {"uv": [5, 12], "uv_size": [1, 1]},
								"up": {"uv": [8, 5], "uv_size": [2, 1]},
								"down": {"uv": [0, 10], "uv_size": [2, -1]}
							}
						},
						{
							"origin": [-0.72029, 0.8, -1.02497],
							"size": [1.6, 0.35, 0.2],
							"pivot": [1.77672, 0.32338, -1.72752],
							"rotation": [0, 90, 0],
							"uv": {
								"north": {"uv": [4, 8], "uv_size": [2, 1]},
								"east": {"uv": [8, 11], "uv_size": [1, 1]},
								"south": {"uv": [6, 8], "uv_size": [2, 1]},
								"west": {"uv": [9, 11], "uv_size": [1, 1]},
								"up": {"uv": [8, 8], "uv_size": [2, 1]},
								"down": {"uv": [8, 3], "uv_size": [2, -1]}
							}
						},
						{
							"origin": [-0.72583, 0.8, -2.62453],
							"size": [3.2, 0.35, 0.2],
							"pivot": [1.77672, 0.32338, -1.72752],
							"rotation": [-180, 0, 180],
							"uv": {
								"north": {"uv": [2, 2], "uv_size": [3, 1]},
								"east": {"uv": [6, 11], "uv_size": [1, 1]},
								"south": {"uv": [2, 3], "uv_size": [3, 1]},
								"west": {"uv": [7, 11], "uv_size": [1, 1]},
								"up": {"uv": [2, 4], "uv_size": [3, 1]},
								"down": {"uv": [4, 1], "uv_size": [3, -1]}
							}
						},
						{
							"origin": [-0.72628, 0.8, -2.63007],
							"size": [3.2, 0.35, 0.2],
							"pivot": [1.77672, 0.32338, -1.72752],
							"rotation": [0, -90, 0],
							"uv": {
								"north": {"uv": [6, 6], "uv_size": [3, 1]},
								"east": {"uv": [12, 1], "uv_size": [1, 1]},
								"south": {"uv": [0, 7], "uv_size": [3, 1]},
								"west": {"uv": [12, 2], "uv_size": [1, 1]},
								"up": {"uv": [3, 7], "uv_size": [3, 1]},
								"down": {"uv": [6, 8], "uv_size": [3, -1]}
							}
						},
						{
							"origin": [-0.72074, 0.8, -2.63052],
							"size": [3.2, 0.35, 0.2],
							"pivot": [1.77672, 0.32338, -1.72752],
							"rotation": [0, 0, 0],
							"uv": {
								"north": {"uv": [5, 3], "uv_size": [3, 1]},
								"east": {"uv": [11, 6], "uv_size": [1, 1]},
								"south": {"uv": [5, 4], "uv_size": [3, 1]},
								"west": {"uv": [11, 7], "uv_size": [1, 1]},
								"up": {"uv": [0, 6], "uv_size": [3, 1]},
								"down": {"uv": [3, 7], "uv_size": [3, -1]}
							}
						},
						{
							"origin": [-0.72029, 0.8, -2.62497],
							"size": [3.2, 0.35, 0.2],
							"pivot": [1.77672, 0.32338, -1.72752],
							"rotation": [0, 90, 0],
							"uv": {
								"north": {"uv": [4, 1], "uv_size": [3, 1]},
								"east": {"uv": [11, 4], "uv_size": [1, 1]},
								"south": {"uv": [2, 5], "uv_size": [3, 1]},
								"west": {"uv": [11, 5], "uv_size": [1, 1]},
								"up": {"uv": [5, 5], "uv_size": [3, 1]},
								"down": {"uv": [5, 3], "uv_size": [3, -1]}
							}
						}
					]
				},
				{
					"name": "prop1",
					"pivot": [-1.12237, 1.05, -1.12706],
					"cubes": [
						{
							"origin": [-1.22237, 1, -1.72706],
							"size": [0.2, 0.1, 1.2],
							"pivot": [-1.12237, 1.05, -1.12706],
							"rotation": [-180, -45, 180],
							"uv": {
								"north": {"uv": [13, 1], "uv_size": [1, 1]},
								"east": {"uv": [13, 2], "uv_size": [1, 1]},
								"south": {"uv": [13, 3], "uv_size": [1, 1]},
								"west": {"uv": [13, 4], "uv_size": [1, 1]},
								"up": {"uv": [13, 5], "uv_size": [1, 1]},
								"down": {"uv": [13, 7], "uv_size": [1, -1]}
							}
						},
						{
							"origin": [-1.61986, 1, -0.97957],
							"size": [0.5, 0.1, 0.2],
							"pivot": [-1.36986, 1.05, -0.87957],
							"rotation": [-180, -45, 180],
							"uv": {
								"north": {"uv": [13, 7], "uv_size": [1, 1]},
								"east": {"uv": [13, 8], "uv_size": [1, 1]},
								"south": {"uv": [13, 9], "uv_size": [1, 1]},
								"west": {"uv": [13, 10], "uv_size": [1, 1]},
								"up": {"uv": [13, 11], "uv_size": [1, 1]},
								"down": {"uv": [13, 13], "uv_size": [1, -1]}
							}
						},
						{
							"origin": [-1.12488, 1, -1.47454],
							"size": [0.5, 0.1, 0.2],
							"pivot": [-0.87488, 1.05, -1.37454],
							"rotation": [-180, -45, 180],
							"uv": {
								"north": {"uv": [0, 14], "uv_size": [1, 1]},
								"east": {"uv": [1, 14], "uv_size": [1, 1]},
								"south": {"uv": [2, 14], "uv_size": [1, 1]},
								"west": {"uv": [3, 14], "uv_size": [1, 1]},
								"up": {"uv": [4, 14], "uv_size": [1, 1]},
								"down": {"uv": [5, 15], "uv_size": [1, -1]}
							}
						}
					]
				},
				{
					"name": "prop2",
					"pivot": [1.14037, 1.05, 1.13569],
					"cubes": [
						{
							"origin": [1.04037, 1, 0.53569],
							"size": [0.2, 0.1, 1.2],
							"pivot": [1.14037, 1.05, 1.13569],
							"rotation": [-180, -45, 180],
							"uv": {
								"north": {"uv": [6, 14], "uv_size": [1, 1]},
								"east": {"uv": [7, 14], "uv_size": [1, 1]},
								"south": {"uv": [8, 14], "uv_size": [1, 1]},
								"west": {"uv": [9, 14], "uv_size": [1, 1]},
								"up": {"uv": [10, 14], "uv_size": [1, 1]},
								"down": {"uv": [11, 15], "uv_size": [1, -1]}
							}
						},
						{
							"origin": [0.64289, 1, 1.28317],
							"size": [0.5, 0.1, 0.2],
							"pivot": [0.89289, 1.05, 1.38317],
							"rotation": [-180, -45, 180],
							"uv": {
								"north": {"uv": [12, 14], "uv_size": [1, 1]},
								"east": {"uv": [13, 14], "uv_size": [1, 1]},
								"south": {"uv": [14, 14], "uv_size": [1, 1]},
								"west": {"uv": [14, 0], "uv_size": [1, 1]},
								"up": {"uv": [14, 1], "uv_size": [1, 1]},
								"down": {"uv": [14, 3], "uv_size": [1, -1]}
							}
						},
						{
							"origin": [1.13786, 1, 0.7882],
							"size": [0.5, 0.1, 0.2],
							"pivot": [1.38786, 1.05, 0.8882],
							"rotation": [-177.5, -45, 180],
							"uv": {
								"north": {"uv": [14, 3], "uv_size": [1, 1]},
								"east": {"uv": [14, 4], "uv_size": [1, 1]},
								"south": {"uv": [14, 5], "uv_size": [1, 1]},
								"west": {"uv": [14, 6], "uv_size": [1, 1]},
								"up": {"uv": [14, 7], "uv_size": [1, 1]},
								"down": {"uv": [14, 9], "uv_size": [1, -1]}
							}
						}
					]
				},
				{
					"name": "prop3",
					"pivot": [1.14037, 1.05, -1.12706],
					"cubes": [
						{
							"origin": [1.04037, 1, -1.72706],
							"size": [0.2, 0.1, 1.2],
							"pivot": [1.14037, 1.05, -1.12706],
							"rotation": [-180, -45, 180],
							"uv": {
								"north": {"uv": [14, 9], "uv_size": [1, 1]},
								"east": {"uv": [14, 10], "uv_size": [1, 1]},
								"south": {"uv": [14, 11], "uv_size": [1, 1]},
								"west": {"uv": [14, 12], "uv_size": [1, 1]},
								"up": {"uv": [14, 13], "uv_size": [1, 1]},
								"down": {"uv": [0, 16], "uv_size": [1, -1]}
							}
						},
						{
							"origin": [0.64289, 1, -0.97957],
							"size": [0.5, 0.1, 0.2],
							"pivot": [0.89289, 1.05, -0.87957],
							"rotation": [-180, -45, 180],
							"uv": {
								"north": {"uv": [1, 15], "uv_size": [1, 1]},
								"east": {"uv": [2, 15], "uv_size": [1, 1]},
								"south": {"uv": [3, 15], "uv_size": [1, 1]},
								"west": {"uv": [4, 15], "uv_size": [1, 1]},
								"up": {"uv": [5, 15], "uv_size": [1, 1]},
								"down": {"uv": [6, 16], "uv_size": [1, -1]}
							}
						},
						{
							"origin": [1.13786, 1, -1.47454],
							"size": [0.5, 0.1, 0.2],
							"pivot": [1.38786, 1.05, -1.37454],
							"rotation": [-180, -45, 180],
							"uv": {
								"north": {"uv": [7, 15], "uv_size": [1, 1]},
								"east": {"uv": [8, 15], "uv_size": [1, 1]},
								"south": {"uv": [9, 15], "uv_size": [1, 1]},
								"west": {"uv": [10, 15], "uv_size": [1, 1]},
								"up": {"uv": [11, 15], "uv_size": [1, 1]},
								"down": {"uv": [12, 16], "uv_size": [1, -1]}
							}
						}
					]
				},
				{
					"name": "prop4",
					"pivot": [-1.12237, 1.05, 1.13569],
					"cubes": [
						{
							"origin": [-1.22237, 1, 0.53569],
							"size": [0.2, 0.1, 1.2],
							"pivot": [-1.12237, 1.05, 1.13569],
							"rotation": [-180, -45, 180],
							"uv": {
								"north": {"uv": [13, 15], "uv_size": [1, 1]},
								"east": {"uv": [14, 15], "uv_size": [1, 1]},
								"south": {"uv": [15, 15], "uv_size": [1, 1]},
								"west": {"uv": [15, 0], "uv_size": [1, 1]},
								"up": {"uv": [15, 1], "uv_size": [1, 1]},
								"down": {"uv": [15, 3], "uv_size": [1, -1]}
							}
						},
						{
							"origin": [-1.61986, 1, 1.28317],
							"size": [0.5, 0.1, 0.2],
							"pivot": [-1.36986, 1.05, 1.38317],
							"rotation": [-180, -45, 180],
							"uv": {
								"north": {"uv": [15, 3], "uv_size": [1, 1]},
								"east": {"uv": [15, 4], "uv_size": [1, 1]},
								"south": {"uv": [15, 5], "uv_size": [1, 1]},
								"west": {"uv": [15, 6], "uv_size": [1, 1]},
								"up": {"uv": [15, 7], "uv_size": [1, 1]},
								"down": {"uv": [15, 9], "uv_size": [1, -1]}
							}
						},
						{
							"origin": [-1.12488, 1, 0.7882],
							"size": [0.5, 0.1, 0.2],
							"pivot": [-0.87488, 1.05, 0.8882],
							"rotation": [-180, -45, 180],
							"uv": {
								"north": {"uv": [15, 9], "uv_size": [1, 1]},
								"east": {"uv": [15, 10], "uv_size": [1, 1]},
								"south": {"uv": [15, 11], "uv_size": [1, 1]},
								"west": {"uv": [15, 12], "uv_size": [1, 1]},
								"up": {"uv": [15, 13], "uv_size": [1, 1]},
								"down": {"uv": [15, 15], "uv_size": [1, -1]}
							}
						}
					]
				}
			]
		}
	]
}