{
	"format_version": "1.12.0",
	"minecraft:geometry": [
		{
			"description": {
				"identifier": "geometry.voxel_racer_one",
				"texture_width": 32,
				"texture_height": 32,
				"visible_bounds_width": 2,
				"visible_bounds_height": 1.5,
				"visible_bounds_offset": [0, 0.25, 0]
			},
			"bones": [
				{
					"name": "unknown_bone",
					"pivot": [0, 0, 0],
					"cubes": [
						{
							"origin": [-1.5, 0, -2.3],
							"size": [3, 1.8, 4.5],
							"uv": {
								"north": {"uv": [11, 14], "uv_size": [3, 2]},
								"east": {"uv": [6, 12], "uv_size": [5, 2]},
								"south": {"uv": [14, 14], "uv_size": [3, 2]},
								"west": {"uv": [0, 13], "uv_size": [5, 2]},
								"up": {"uv": [0, 8], "uv_size": [3, 5]},
								"down": {"uv": [3, 13], "uv_size": [3, -5]}
							}
						}
					]
				},
				{
					"name": "props",
					"pivot": [0, 0, 0]
				},
				{
					"name": "front_right",
					"parent": "props",
					"pivot": [-4.4194, 1.35, -4.4194],
					"cubes": [
						{
							"origin": [-4.91942, 2.9, -7.5694],
							"size": [1, 0.3, 6.3],
							"pivot": [-4.41942, 3.05, -4.41942],
							"rotation": [0, -45, 0],
							"uv": {
								"north": {"uv": [4, 24], "uv_size": [1, 1]},
								"east": {"uv": [13, 2], "uv_size": [6, 1]},
								"south": {"uv": [5, 24], "uv_size": [1, 1]},
								"west": {"uv": [13, 3], "uv_size": [6, 1]},
								"up": {"uv": [5, 13], "uv_size": [1, 6]},
								"down": {"uv": [6, 20], "uv_size": [1, -6]}
							}
						},
						{
							"origin": [-7.56942, 2.9, -4.9194],
							"size": [2.65, 0.3, 1],
							"pivot": [-4.41942, 3.05, -4.41942],
							"rotation": [0, -45, 0],
							"uv": {
								"north": {"uv": [9, 20], "uv_size": [3, 1]},
								"east": {"uv": [14, 24], "uv_size": [1, 1]},
								"south": {"uv": [12, 20], "uv_size": [3, 1]},
								"west": {"uv": [15, 24], "uv_size": [1, 1]},
								"up": {"uv": [15, 20], "uv_size": [3, 1]},
								"down": {"uv": [18, 21], "uv_size": [3, -1]}
							}
						},
						{
							"origin": [-3.9194, 2.9, -4.9194],
							"size": [2.65, 0.3, 1],
							"pivot": [-4.41942, 3.05, -4.41942],
							"rotation": [0, -45, 0],
							"uv": {
								"north": {"uv": [0, 21], "uv_size": [3, 1]},
								"east": {"uv": [16, 24], "uv_size": [1, 1]},
								"south": {"uv": [3, 21], "uv_size": [3, 1]},
								"west": {"uv": [17, 24], "uv_size": [1, 1]},
								"up": {"uv": [6, 21], "uv_size": [3, 1]},
								"down": {"uv": [9, 22], "uv_size": [3, -1]}
							}
						}
					]
				},
				{
					"name": "back_right",
					"parent": "props",
					"pivot": [-4.5, 0, 4.5],
					"cubes": [
						{
							"origin": [-4.8774, 2.9, 3.5066],
							"size": [2.65, 0.3, 1],
							"pivot": [-4.40015, 2.9, 3.05666],
							"rotation": [0, 45, 0],
							"uv": {
								"north": {"uv": [0, 19], "uv_size": [3, 1]},
								"east": {"uv": [23, 20], "uv_size": [1, 1]},
								"south": {"uv": [3, 19], "uv_size": [3, 1]},
								"west": {"uv": [23, 22], "uv_size": [1, 1]},
								"up": {"uv": [19, 19], "uv_size": [3, 1]},
								"down": {"uv": [19, 1], "uv_size": [3, -1]}
							}
						},
						{
							"origin": [-8.4133, 2.9, 3.4821],
							"size": [2.65, 0.3, 1],
							"pivot": [-4.31343, 2.9, 3.18212],
							"rotation": [0, 45, 0],
							"uv": {
								"north": {"uv": [19, 1], "uv_size": [3, 1]},
								"east": {"uv": [0, 24], "uv_size": [1, 1]},
								"south": {"uv": [19, 2], "uv_size": [3, 1]},
								"west": {"uv": [1, 24], "uv_size": [1, 1]},
								"up": {"uv": [19, 3], "uv_size": [3, 1]},
								"down": {"uv": [19, 5], "uv_size": [3, -1]}
							}
						},
						{
							"origin": [-6.6962, 2.9, 3.41114],
							"size": [6.3, 0.3, 1],
							"pivot": [-4.59634, 2.9, 3.11116],
							"rotation": [0, -45, 0],
							"uv": {
								"north": {"uv": [11, 10], "uv_size": [6, 1]},
								"east": {"uv": [2, 24], "uv_size": [1, 1]},
								"south": {"uv": [11, 13], "uv_size": [6, 1]},
								"west": {"uv": [3, 24], "uv_size": [1, 1]},
								"up": {"uv": [13, 0], "uv_size": [6, 1]},
								"down": {"uv": [13, 2], "uv_size": [6, -1]}
							}
						}
					]
				},
				{
					"name": "back_left",
					"parent": "props",
					"pivot": [4.4194, 0, 4.4194],
					"cubes": [
						{
							"origin": [3.91942, 2.9, 1.26942],
							"size": [1, 0.3, 6.3],
							"pivot": [4.41942, 3.05, 4.41942],
							"rotation": [0, -45, 0],
							"uv": {
								"north": {"uv": [8, 24], "uv_size": [1, 1]},
								"east": {"uv": [13, 6], "uv_size": [6, 1]},
								"south": {"uv": [9, 24], "uv_size": [1, 1]},
								"west": {"uv": [13, 7], "uv_size": [6, 1]},
								"up": {"uv": [9, 14], "uv_size": [1, 6]},
								"down": {"uv": [10, 20], "uv_size": [1, -6]}
							}
						},
						{
							"origin": [4.9194, 2.9, 3.9194],
							"size": [2.65, 0.3, 1],
							"pivot": [4.41942, 3.05, 4.41942],
							"rotation": [0, -45, 0],
							"uv": {
								"north": {"uv": [19, 5], "uv_size": [3, 1]},
								"east": {"uv": [10, 24], "uv_size": [1, 1]},
								"south": {"uv": [19, 6], "uv_size": [3, 1]},
								"west": {"uv": [11, 24], "uv_size": [1, 1]},
								"up": {"uv": [19, 7], "uv_size": [3, 1]},
								"down": {"uv": [19, 18], "uv_size": [3, -1]}
							}
						},
						{
							"origin": [1.2694, 2.9, 3.9194],
							"size": [2.65, 0.3, 1],
							"pivot": [4.41942, 3.05, 4.41942],
							"rotation": [0, -45, 0],
							"uv": {
								"north": {"uv": [19, 18], "uv_size": [3, 1]},
								"east": {"uv": [12, 24], "uv_size": [1, 1]},
								"south": {"uv": [0, 20], "uv_size": [3, 1]},
								"west": {"uv": [13, 24], "uv_size": [1, 1]},
								"up": {"uv": [3, 20], "uv_size": [3, 1]},
								"down": {"uv": [6, 21], "uv_size": [3, -1]}
							}
						}
					]
				},
				{
					"name": "front_left",
					"parent": "props",
					"pivot": [4.4194, 0, -4.4194],
					"cubes": [
						{
							"origin": [3.91941, 2.9, -7.56941],
							"size": [1, 0.3, 6.3],
							"pivot": [4.41941, 3.05, -4.41941],
							"rotation": [0, 45, 0],
							"uv": {
								"north": {"uv": [6, 24], "uv_size": [1, 1]},
								"east": {"uv": [13, 4], "uv_size": [6, 1]},
								"south": {"uv": [7, 24], "uv_size": [1, 1]},
								"west": {"uv": [13, 5], "uv_size": [6, 1]},
								"up": {"uv": [7, 14], "uv_size": [1, 6]},
								"down": {"uv": [8, 20], "uv_size": [1, -6]}
							}
						},
						{
							"origin": [4.9194, 2.9, -4.9194],
							"size": [2.65, 0.3, 1],
							"pivot": [4.41941, 3.05, -4.41941],
							"rotation": [0, 45, 0],
							"uv": {
								"north": {"uv": [12, 21], "uv_size": [3, 1]},
								"east": {"uv": [18, 24], "uv_size": [1, 1]},
								"south": {"uv": [15, 21], "uv_size": [3, 1]},
								"west": {"uv": [19, 24], "uv_size": [1, 1]},
								"up": {"uv": [18, 21], "uv_size": [3, 1]},
								"down": {"uv": [21, 22], "uv_size": [3, -1]}
							}
						},
						{
							"origin": [1.2694, 2.9, -4.9194],
							"size": [2.65, 0.3, 1],
							"pivot": [4.41941, 3.05, -4.41941],
							"rotation": [0, 45, 0],
							"uv": {
								"north": {"uv": [21, 8], "uv_size": [3, 1]},
								"east": {"uv": [20, 24], "uv_size": [1, 1]},
								"south": {"uv": [21, 9], "uv_size": [3, 1]},
								"west": {"uv": [21, 24], "uv_size": [1, 1]},
								"up": {"uv": [21, 10], "uv_size": [3, 1]},
								"down": {"uv": [21, 12], "uv_size": [3, -1]}
							}
						}
					]
				},
				{
					"name": "frame",
					"pivot": [0, 0, 0],
					"cubes": [
						{
							"origin": [-2, 1.8, -2],
							"size": [4, 0.5, 4],
							"uv": {
								"north": {"uv": [0, 17], "uv_size": [4, 1]},
								"east": {"uv": [11, 17], "uv_size": [4, 1]},
								"south": {"uv": [15, 17], "uv_size": [4, 1]},
								"west": {"uv": [17, 10], "uv_size": [4, 1]},
								"up": {"uv": [0, 0], "uv_size": [4, 4]},
								"down": {"uv": [0, 8], "uv_size": [4, -4]}
							}
						},
						{
							"origin": [-1.1, 2.3, -1.1],
							"size": [2.3, 0.4, 2.2],
							"uv": {
								"north": {"uv": [19, 22], "uv_size": [2, 1]},
								"east": {"uv": [21, 22], "uv_size": [2, 1]},
								"south": {"uv": [22, 0], "uv_size": [2, 1]},
								"west": {"uv": [22, 1], "uv_size": [2, 1]},
								"up": {"uv": [11, 18], "uv_size": [2, 2]},
								"down": {"uv": [13, 20], "uv_size": [2, -2]}
							}
						},
						{
							"origin": [-2, 4, -2.4],
							"size": [4, 0.5, 4.4],
							"pivot": [0, 3.9, 0],
							"rotation": [-14, 0, 0],
							"uv": {
								"north": {"uv": [17, 13], "uv_size": [4, 1]},
								"east": {"uv": [17, 14], "uv_size": [4, 1]},
								"south": {"uv": [17, 15], "uv_size": [4, 1]},
								"west": {"uv": [0, 18], "uv_size": [4, 1]},
								"up": {"uv": [4, 4], "uv_size": [4, 4]},
								"down": {"uv": [4, 4], "uv_size": [4, -4]}
							}
						}
					]
				},
				{
					"name": "camera",
					"parent": "frame",
					"pivot": [0, 0, 0],
					"cubes": [
						{
							"origin": [-0.75, 2.9, -2.4],
							"size": [1.5, 1.5, 1.2],
							"pivot": [0.3, 2.9, -2.4],
							"rotation": [-27.5, 0, 0],
							"uv": {
								"north": {"uv": [15, 18], "uv_size": [2, 2]},
								"east": {"uv": [22, 2], "uv_size": [1, 2]},
								"south": {"uv": [17, 18], "uv_size": [2, 2]},
								"west": {"uv": [22, 4], "uv_size": [1, 2]},
								"up": {"uv": [22, 6], "uv_size": [2, 1]},
								"down": {"uv": [22, 8], "uv_size": [2, -1]}
							}
						},
						{
							"origin": [-0.4875, 3.1, -2.8],
							"size": [1, 1, 0.4],
							"pivot": [0.3, 2.9, -2.4],
							"rotation": [-27.5, 0, 0],
							"uv": {
								"north": {"uv": [24, 5], "uv_size": [1, 1]},
								"east": {"uv": [24, 6], "uv_size": [1, 1]},
								"south": {"uv": [24, 7], "uv_size": [1, 1]},
								"west": {"uv": [24, 8], "uv_size": [1, 1]},
								"up": {"uv": [24, 9], "uv_size": [1, 1]},
								"down": {"uv": [24, 11], "uv_size": [1, -1]}
							}
						},
						{
							"origin": [-1.1, 3, -1.8],
							"size": [0.4, 0.6, 0.7],
							"uv": {
								"north": {"uv": [24, 11], "uv_size": [1, 1]},
								"east": {"uv": [24, 12], "uv_size": [1, 1]},
								"south": {"uv": [24, 13], "uv_size": [1, 1]},
								"west": {"uv": [24, 14], "uv_size": [1, 1]},
								"up": {"uv": [24, 15], "uv_size": [1, 1]},
								"down": {"uv": [24, 17], "uv_size": [1, -1]}
							}
						},
						{
							"origin": [0.7, 3, -1.8],
							"size": [0.4, 0.6, 0.7],
							"uv": {
								"north": {"uv": [24, 17], "uv_size": [1, 1]},
								"east": {"uv": [24, 18], "uv_size": [1, 1]},
								"south": {"uv": [24, 19], "uv_size": [1, 1]},
								"west": {"uv": [24, 20], "uv_size": [1, 1]},
								"up": {"uv": [24, 21], "uv_size": [1, 1]},
								"down": {"uv": [24, 23], "uv_size": [1, -1]}
							}
						}
					]
				},
				{
					"name": "arms",
					"parent": "frame",
					"pivot": [0, 0, 0],
					"cubes": [
						{
							"origin": [-7, 1.7, -0.75],
							"size": [5, 0.7, 1.5],
							"pivot": [0, 1.7, 0],
							"rotation": [0, -45, 0],
							"uv": {
								"north": {"uv": [16, 11], "uv_size": [5, 1]},
								"east": {"uv": [0, 22], "uv_size": [2, 1]},
								"south": {"uv": [16, 12], "uv_size": [5, 1]},
								"west": {"uv": [2, 22], "uv_size": [2, 1]},
								"up": {"uv": [11, 11], "uv_size": [5, 2]},
								"down": {"uv": [11, 10], "uv_size": [5, -2]}
							}
						},
						{
							"origin": [-7, 1.7, -0.75],
							"size": [5, 0.7, 1.5],
							"pivot": [0, 1.7, 0],
							"rotation": [0, 45, 0],
							"uv": {
								"north": {"uv": [0, 15], "uv_size": [5, 1]},
								"east": {"uv": [21, 12], "uv_size": [2, 1]},
								"south": {"uv": [0, 16], "uv_size": [5, 1]},
								"west": {"uv": [21, 13], "uv_size": [2, 1]},
								"up": {"uv": [6, 8], "uv_size": [5, 2]},
								"down": {"uv": [8, 2], "uv_size": [5, -2]}
							}
						},
						{
							"origin": [2, 1.7, -0.75],
							"size": [5, 0.7, 1.5],
							"pivot": [0, 1.7, 0],
							"rotation": [0, 45, 0],
							"uv": {
								"north": {"uv": [11, 16], "uv_size": [5, 1]},
								"east": {"uv": [21, 14], "uv_size": [2, 1]},
								"south": {"uv": [16, 16], "uv_size": [5, 1]},
								"west": {"uv": [21, 15], "uv_size": [2, 1]},
								"up": {"uv": [8, 2], "uv_size": [5, 2]},
								"down": {"uv": [8, 6], "uv_size": [5, -2]}
							}
						},
						{
							"origin": [2, 1.7, -0.75],
							"size": [5, 0.7, 1.5],
							"pivot": [0, 1.7, 0],
							"rotation": [0, -45, 0],
							"uv": {
								"north": {"uv": [16, 8], "uv_size": [5, 1]},
								"east": {"uv": [21, 16], "uv_size": [2, 1]},
								"south": {"uv": [16, 9], "uv_size": [5, 1]},
								"west": {"uv": [21, 20], "uv_size": [2, 1]},
								"up": {"uv": [8, 6], "uv_size": [5, 2]},
								"down": {"uv": [6, 12], "uv_size": [5, -2]}
							}
						}
					]
				},
				{
					"name": "motors",
					"parent": "frame",
					"pivot": [0, 0, 0],
					"cubes": [
						{
							"origin": [-6.9, 2.4, -0.65],
							"size": [1.3, 0.5, 1.3],
							"pivot": [0, 2.4, 0],
							"rotation": [0, -45, 0],
							"uv": {
								"north": {"uv": [23, 2], "uv_size": [1, 1]},
								"east": {"uv": [23, 3], "uv_size": [1, 1]},
								"south": {"uv": [23, 4], "uv_size": [1, 1]},
								"west": {"uv": [23, 5], "uv_size": [1, 1]},
								"up": {"uv": [23, 12], "uv_size": [1, 1]},
								"down": {"uv": [23, 14], "uv_size": [1, -1]}
							}
						},
						{
							"origin": [5.6, 2.4, -0.65],
							"size": [1.3, 0.5, 1.3],
							"pivot": [0, 2.4, 0],
							"rotation": [0, -45, 0],
							"uv": {
								"north": {"uv": [22, 17], "uv_size": [1, 1]},
								"east": {"uv": [22, 18], "uv_size": [1, 1]},
								"south": {"uv": [22, 19], "uv_size": [1, 1]},
								"west": {"uv": [0, 23], "uv_size": [1, 1]},
								"up": {"uv": [1, 23], "uv_size": [1, 1]},
								"down": {"uv": [2, 24], "uv_size": [1, -1]}
							}
						},
						{
							"origin": [3.76942, 2.4, -5.06942],
							"size": [1.3, 0.5, 1.3],
							"pivot": [4.41942, 2.65, -4.41942],
							"rotation": [0, 45, 0],
							"uv": {
								"north": {"uv": [3, 23], "uv_size": [1, 1]},
								"east": {"uv": [19, 23], "uv_size": [1, 1]},
								"south": {"uv": [20, 23], "uv_size": [1, 1]},
								"west": {"uv": [21, 23], "uv_size": [1, 1]},
								"up": {"uv": [22, 23], "uv_size": [1, 1]},
								"down": {"uv": [23, 24], "uv_size": [1, -1]}
							}
						},
						{
							"origin": [-5.06943, 2.4, 3.76941],
							"size": [1.3, 0.5, 1.3],
							"pivot": [-4.41943, 2.65, 4.41941],
							"rotation": [0, -45, 0],
							"uv": {
								"north": {"uv": [23, 14], "uv_size": [1, 1]},
								"east": {"uv": [23, 15], "uv_size": [1, 1]},
								"south": {"uv": [23, 16], "uv_size": [1, 1]},
								"west": {"uv": [23, 17], "uv_size": [1, 1]},
								"up": {"uv": [23, 18], "uv_size": [1, 1]},
								"down": {"uv": [23, 20], "uv_size": [1, -1]}
							}
						}
					]
				},
				{
					"name": "standoffs",
					"parent": "frame",
					"pivot": [0, 0, 0],
					"cubes": [
						{
							"origin": [1.1, 2.3, 1.1],
							"size": [0.7, 1.6, 0.7],
							"uv": {
								"north": {"uv": [4, 17], "uv_size": [1, 2]},
								"east": {"uv": [4, 22], "uv_size": [1, 2]},
								"south": {"uv": [5, 22], "uv_size": [1, 2]},
								"west": {"uv": [6, 22], "uv_size": [1, 2]},
								"up": {"uv": [22, 24], "uv_size": [1, 1]},
								"down": {"uv": [23, 25], "uv_size": [1, -1]}
							}
						},
						{
							"origin": [-1.8, 2.3, 1.1],
							"size": [0.7, 1.6, 0.7],
							"uv": {
								"north": {"uv": [7, 22], "uv_size": [1, 2]},
								"east": {"uv": [8, 22], "uv_size": [1, 2]},
								"south": {"uv": [9, 22], "uv_size": [1, 2]},
								"west": {"uv": [10, 22], "uv_size": [1, 2]},
								"up": {"uv": [24, 24], "uv_size": [1, 1]},
								"down": {"uv": [24, 1], "uv_size": [1, -1]}
							}
						},
						{
							"origin": [-1.8, 2.3, -1.8],
							"size": [0.7, 2.3, 0.7],
							"uv": {
								"north": {"uv": [11, 22], "uv_size": [1, 2]},
								"east": {"uv": [12, 22], "uv_size": [1, 2]},
								"south": {"uv": [13, 22], "uv_size": [1, 2]},
								"west": {"uv": [14, 22], "uv_size": [1, 2]},
								"up": {"uv": [24, 1], "uv_size": [1, 1]},
								"down": {"uv": [24, 3], "uv_size": [1, -1]}
							}
						},
						{
							"origin": [1.1, 2.3, -1.8],
							"size": [0.7, 2.3, 0.7],
							"uv": {
								"north": {"uv": [15, 22], "uv_size": [1, 2]},
								"east": {"uv": [16, 22], "uv_size": [1, 2]},
								"south": {"uv": [17, 22], "uv_size": [1, 2]},
								"west": {"uv": [18, 22], "uv_size": [1, 2]},
								"up": {"uv": [24, 3], "uv_size": [1, 1]},
								"down": {"uv": [24, 5], "uv_size": [1, -1]}
							}
						}
					]
				}
			]
		}
	]
}